{"0": {"ddt": 1.739977538778743, "processing_time": [16.84472769914786, 10.108537974309815, 19.15307021347057, 10.712914911986068, 11.152483642010305, 18.27197645456905, 18.736989280129773, 18.758629845379144, 18.27906856225316, 18.181031759819533, 11.197332603094198, 17.451200673951792, 10.257855361089833, 17.969588601909535, 11.057813855044667, 19.14349222680834, 16.04036648065621, 12.812438832766226, 11.907258057985894, 11.955411497670594, 14.655695796401309, 16.542846434274026, 12.494381531023048, 17.43096679406733, 18.814352122793114, 14.648956959571034, 16.327218273905828, 14.82438409487858, 10.118228627371678, 14.707642609728312, 17.929063220218936, 13.50681022427447, 11.707055680062439, 16.100784377039915, 16.013379394685074, 16.910347331257217, 12.793567690747246, 12.447345930045373, 11.74123094749391, 10.8906118421088, 13.468767475526844, 15.500623219386153, 18.782181283493117, 16.474832114562492, 16.716198566392762, 12.403004500804135, 17.004759087126764, 16.196004893831258, 11.088610601908247, 11.050578774896865], "feature": [0, 5, 1, 3, 0, 3, 0, 0, 2, 2, 3, 2, 1, 0, 0, 1, 5, 0, 4, 2, 1, 3, 5, 0, 4, 4, 1, 2, 4, 2, 5, 3, 2, 0, 2, 1, 5, 3, 5, 2, 5, 2, 0, 1, 5, 2, 5, 3, 3, 3]}, "1": {"ddt": 1.8718893970330335, "processing_time": [11.739720143449796, 17.185560439243392, 16.605771935756476, 19.311726169410274, 17.386449264234717, 14.421874592077168, 14.23924379625971, 15.626159365113363, 12.628158660589593, 17.09470522128873, 16.148927246363726, 12.969876478782254, 16.012760821901686, 18.768471014311416, 19.765187412558863, 15.872126899116875, 15.306260544439702, 17.147871993773247, 10.926388363124303, 11.959464379343888, 13.408810166362647, 19.570594182692034, 15.80658921004557, 17.906651227349695, 17.81646746277158, 18.918547730408164, 16.03507877712166, 13.208838593312967, 10.959184613780392, 12.798287603118956, 16.44308866801932, 10.346666255937878, 16.76446841266049, 11.90995472614312, 10.59915945654466, 14.571340502801455, 18.675855590662582, 14.246983181724442, 14.513761248431258, 18.861199106806936, 17.297157227644973, 12.272479362872852, 15.282102440982047, 15.013605281456247, 18.36482644781877, 19.666857604709065, 19.19392637743943, 15.63455388703664, 19.563476181005107, 16.251683134829825], "feature": [1, 1, 2, 1, 1, 3, 0, 0, 0, 0, 0, 0, 5, 0, 4, 0, 4, 5, 4, 1, 4, 3, 5, 3, 0, 2, 5, 1, 5, 4, 0, 3, 0, 1, 1, 3, 3, 3, 3, 4, 4, 2, 4, 0, 4, 2, 0, 1, 4, 3]}, "2": {"ddt": 1.761563865233183, "processing_time": [12.438609363252702, 16.465412016901638, 15.54475458224399, 12.486317955238786, 15.015550135762886, 18.102562384265042, 17.162294217126817, 14.08114385217348, 14.445608312771077, 19.00465637715236, 13.194419540568067, 18.15756290460644, 12.116398489270129, 15.530719014567218, 12.15565675623505, 13.168235839617775, 17.860628395266364, 15.731167481761844, 13.240228206941467, 19.73067373576699, 14.17006434146481, 17.189852829293372, 10.553067909290375, 12.524162094766393, 18.09756579890968, 12.067271706210567, 10.219793176977067, 10.21815804789174, 17.110310383671468, 18.43769431998114, 16.297954239799907, 14.873314455343774, 17.139560865908628, 17.28617907842814, 10.755564751108022, 17.691054597894773, 12.397907071316302, 17.65612096438468, 18.192740250376314, 15.64357094955836, 12.263634135040594, 13.39189788682674, 10.132496519873452, 18.74671115890004, 15.444939144835436, 10.179616268504036, 12.531165297750015, 10.669062342296705, 15.711861248956733, 15.137756515123861], "feature": [4, 0, 4, 5, 3, 0, 4, 2, 3, 0, 2, 3, 5, 3, 4, 0, 0, 0, 5, 3, 4, 2, 4, 3, 3, 4, 0, 4, 5, 3, 4, 4, 3, 4, 1, 1, 2, 5, 5, 3, 2, 0, 4, 3, 3, 0, 0, 4, 5, 3]}, "3": {"ddt": 1.859476310622774, "processing_time": [11.539951251222085, 10.827513259557529, 16.018611650933572, 17.604399080623175, 18.163865656008248, 14.062991440306416, 15.983449025285012, 16.31667884671328, 14.98617737095196, 18.198928208594896, 19.44086222395771, 14.260849615746979, 11.813950929965184, 15.052758334477119, 15.156880632623988, 10.728142388293122, 14.532422001921583, 18.42246666081981, 12.571205084994615, 13.814354112470404, 10.313180481272063, 16.30015290351102, 14.134794272751233, 14.905336144153761, 18.738682940778176, 19.585946832342977, 12.957327658584912, 13.75592740229299, 17.42230589171515, 12.522390799940862, 14.929337047779125, 18.93013412239394, 14.23272076846387, 18.951444466400027, 19.309927702883122, 17.867114735340675, 15.869119191946254, 17.234747535372676, 17.432433505148303, 17.95770898325602, 18.368265241102897, 18.073704054818702, 15.248264496902468, 13.231274580152531, 18.732549430907067, 13.763039847416415, 18.101917381787445, 18.139536231382387, 12.941492244226803, 10.655263636677333], "feature": [0, 3, 5, 2, 5, 2, 0, 3, 4, 4, 1, 3, 4, 0, 3, 4, 2, 2, 3, 2, 5, 3, 5, 0, 0, 1, 0, 0, 5, 2, 4, 5, 4, 0, 5, 0, 2, 3, 0, 5, 1, 4, 5, 0, 3, 4, 2, 1, 2, 1]}, "4": {"ddt": 1.4561809454778056, "processing_time": [17.62761315642203, 16.377549716070284, 11.616110024167238, 14.970918478518556, 14.551068146359492, 17.59685297362445, 18.750431651725606, 17.617015438359825, 10.850915885192155, 12.258311893346386, 16.40426670279716, 16.780186473333117, 17.224568124685483, 13.915098522281811, 19.570128288341493, 16.618608408559805, 19.882617397706227, 14.95417761468213, 15.662060049283468, 12.047090635383784, 17.412515017554924, 17.675989208402605, 15.699292327610719, 16.1126248909129, 12.613168514240868, 18.062427078531428, 17.76809274385269, 15.201208533048703, 16.65004858089741, 17.443380211996075, 17.913069914435273, 17.5846245974168, 13.02558093711637, 17.177866408715772, 12.443871148346162, 15.108834274402357, 19.61409161133712, 16.719959462255346, 13.104862617231985, 14.02723105771108, 19.70637302464734, 19.750490715132685, 15.252179858979263, 17.279063674509914, 19.261288374674272, 13.260544708158202, 15.930598795103865, 18.635597187862892, 12.92558170616942, 10.996959022560588], "feature": [5, 1, 4, 3, 2, 2, 5, 4, 5, 2, 3, 5, 4, 2, 3, 2, 5, 1, 1, 5, 4, 3, 4, 3, 5, 2, 0, 0, 0, 0, 0, 5, 3, 3, 5, 4, 0, 5, 3, 5, 3, 3, 5, 5, 5, 5, 0, 4, 2, 0]}, "5": {"ddt": 1.0641490047973994, "processing_time": [13.549688822994964, 13.783221945476871, 19.430848745868566, 13.148668850402753, 10.265131953843916, 18.696029087571457, 17.587557362125654, 12.816514613992071, 14.135069853520928, 18.075433621292675, 14.212268019672049, 11.691852470974775, 15.783851996687119, 18.57930183299444, 15.24945942336289, 17.899481856600286, 10.687056891698832, 13.094260251076678, 12.71828711641536, 18.205917483984905, 19.267834796785465, 12.950171323329958, 14.542958785620439, 16.25081724752095, 12.265395695144807, 13.408017570119354, 10.565005754203266, 12.956635530071987, 11.925020966974632, 12.049604697111178, 14.046766582613945, 14.851531286445958, 15.11080817985194, 11.305282117398383, 11.579186010983184, 12.373713556459915, 11.065267363891229, 10.344417397749908, 18.117905619413776, 16.3710944952552, 11.927276301453066, 10.89237862000229, 16.207980143138897, 10.974303833632382, 16.055851992186533, 10.934951496227121, 11.438874005696224, 19.99826222114177, 13.279428357684528, 15.592049677883972], "feature": [3, 0, 0, 2, 3, 3, 2, 5, 3, 1, 4, 4, 4, 0, 0, 5, 2, 5, 1, 5, 3, 2, 3, 3, 5, 4, 2, 3, 2, 4, 0, 3, 3, 1, 0, 5, 3, 2, 5, 2, 4, 4, 2, 4, 5, 2, 4, 0, 1, 2]}, "6": {"ddt": 1.4163058928055252,